0,1,2,url
AI + 기계 학습,모든 개발자 및 시나리오를 위한 인공 지능 기능을 활용하여 차세대 애플리케이션 개발,AI Anomaly Detector,https://azure.microsoft.com/ko-kr/pricing/details/cognitive-services/anomaly-detector/
AI + 기계 학습,모든 개발자 및 시나리오를 위한 인공 지능 기능을 활용하여 차세대 애플리케이션 개발,Azure AI Bot Service,https://azure.microsoft.com/ko-kr/pricing/details/bot-services/
AI + 기계 학습,모든 개발자 및 시나리오를 위한 인공 지능 기능을 활용하여 차세대 애플리케이션 개발,Azure AI 검색,https://azure.microsoft.com/ko-kr/pricing/details/search/
AI + 기계 학습,모든 개발자 및 시나리오를 위한 인공 지능 기능을 활용하여 차세대 애플리케이션 개발,Azure Databricks,https://azure.microsoft.com/ko-kr/pricing/details/databricks/
AI + 기계 학습,모든 개발자 및 시나리오를 위한 인공 지능 기능을 활용하여 차세대 애플리케이션 개발,Azure Machine Learning,https://azure.microsoft.com/ko-kr/pricing/details/machine-learning/
AI + 기계 학습,모든 개발자 및 시나리오를 위한 인공 지능 기능을 활용하여 차세대 애플리케이션 개발,Azure Open Datasets,https://azure.microsoft.com/ko-kr/pricing/details/open-datasets/
AI + 기계 학습,모든 개발자 및 시나리오를 위한 인공 지능 기능을 활용하여 차세대 애플리케이션 개발,Azure AI 서비스,https://azure.microsoft.com/ko-kr/pricing/details/cognitive-services/
AI + 기계 학습,모든 개발자 및 시나리오를 위한 인공 지능 기능을 활용하여 차세대 애플리케이션 개발,Azure AI Video Indexer,https://azure.microsoft.com/ko-kr/pricing/details/video-indexer/
AI + 기계 학습,모든 개발자 및 시나리오를 위한 인공 지능 기능을 활용하여 차세대 애플리케이션 개발,Azure AI Custom Vision,https://azure.microsoft.com/ko-kr/pricing/details/cognitive-services/custom-vision-service/
AI + 기계 학습,모든 개발자 및 시나리오를 위한 인공 지능 기능을 활용하여 차세대 애플리케이션 개발,Data Science Virtual Machines,종량제
AI + 기계 학습,모든 개발자 및 시나리오를 위한 인공 지능 기능을 활용하여 차세대 애플리케이션 개발,LUIS(Language Understanding),https://azure.microsoft.com/ko-kr/pricing/details/cognitive-services/language-service/
AI + 기계 학습,모든 개발자 및 시나리오를 위한 인공 지능 기능을 활용하여 차세대 애플리케이션 개발,Azure AI 언어,https://azure.microsoft.com/ko-kr/pricing/details/cognitive-services/language-service/
AI + 기계 학습,모든 개발자 및 시나리오를 위한 인공 지능 기능을 활용하여 차세대 애플리케이션 개발,Azure AI 번역기,https://azure.microsoft.com/ko-kr/pricing/details/cognitive-services/translator/
AI + 기계 학습,모든 개발자 및 시나리오를 위한 인공 지능 기능을 활용하여 차세대 애플리케이션 개발,Azure AI Metrics Advisor,https://azure.microsoft.com/ko-kr/pricing/details/metrics-advisor/
AI + 기계 학습,모든 개발자 및 시나리오를 위한 인공 지능 기능을 활용하여 차세대 애플리케이션 개발,Azure OpenAI Service,https://azure.microsoft.com/ko-kr/pricing/details/cognitive-services/openai-service/
AI + 기계 학습,모든 개발자 및 시나리오를 위한 인공 지능 기능을 활용하여 차세대 애플리케이션 개발,Azure AI Personalizer,https://azure.microsoft.com/ko-kr/pricing/details/cognitive-services/personalizer/
AI + 기계 학습,모든 개발자 및 시나리오를 위한 인공 지능 기능을 활용하여 차세대 애플리케이션 개발,Azure AI 콘텐츠 안전,https://azure.microsoft.com/ko-kr/pricing/details/cognitive-services/content-safety/
AI + 기계 학습,모든 개발자 및 시나리오를 위한 인공 지능 기능을 활용하여 차세대 애플리케이션 개발,Health Bot,https://azure.microsoft.com/ko-kr/pricing/details/bot-services/health-bot/
AI + 기계 학습,모든 개발자 및 시나리오를 위한 인공 지능 기능을 활용하여 차세대 애플리케이션 개발,Azure AI 문서 인텔리전스,https://azure.microsoft.com/ko-kr/pricing/details/ai-document-intelligence/
AI + 기계 학습,모든 개발자 및 시나리오를 위한 인공 지능 기능을 활용하여 차세대 애플리케이션 개발,Azure AI Foundry,https://azure.microsoft.com/ko-kr/pricing/details/ai-foundry/
AI + 기계 학습,모든 개발자 및 시나리오를 위한 인공 지능 기능을 활용하여 차세대 애플리케이션 개발,Azure AI 모델 카탈로그,종량제
AI + 기계 학습,모든 개발자 및 시나리오를 위한 인공 지능 기능을 활용하여 차세대 애플리케이션 개발,Microsoft Security Copilot,https://azure.microsoft.com/ko-kr/pricing/details/microsoft-copilot-for-security/
AI + 기계 학습,모든 개발자 및 시나리오를 위한 인공 지능 기능을 활용하여 차세대 애플리케이션 개발,Azure AI Immersive Reader,https://azure.microsoft.com/ko-kr/pricing/details/immersive-reader/
AI + 기계 학습,모든 개발자 및 시나리오를 위한 인공 지능 기능을 활용하여 차세대 애플리케이션 개발,Phi 오픈 모델,https://azure.microsoft.com/ko-kr/pricing/details/phi-3/
AI + 기계 학습,모든 개발자 및 시나리오를 위한 인공 지능 기능을 활용하여 차세대 애플리케이션 개발,Azure AI 콘텐츠 이해,종량제
AI + 기계 학습,모든 개발자 및 시나리오를 위한 인공 지능 기능을 활용하여 차세대 애플리케이션 개발,Azure AI 음성,https://azure.microsoft.com/ko-kr/pricing/details/cognitive-services/speech-services/
Analytics,"다양한 종류, 양, 개발속도의 데이터를 수집, 저장, 처리, 분석 및 시각화.",Azure Analysis Services,https://azure.microsoft.com/ko-kr/pricing/details/analysis-services/
Analytics,"다양한 종류, 양, 개발속도의 데이터를 수집, 저장, 처리, 분석 및 시각화.",Azure Data Explorer,https://azure.microsoft.com/ko-kr/pricing/details/data-explorer/
Analytics,"다양한 종류, 양, 개발속도의 데이터를 수집, 저장, 처리, 분석 및 시각화.",Azure Data Factory,https://azure.microsoft.com/ko-kr/pricing/details/data-factory/data-pipeline/
Analytics,"다양한 종류, 양, 개발속도의 데이터를 수집, 저장, 처리, 분석 및 시각화.",Azure Data Lake Storage,https://azure.microsoft.com/ko-kr/pricing/details/storage/data-lake/
Analytics,"다양한 종류, 양, 개발속도의 데이터를 수집, 저장, 처리, 분석 및 시각화.",Azure Data Share,https://azure.microsoft.com/ko-kr/pricing/details/data-share/
Analytics,"다양한 종류, 양, 개발속도의 데이터를 수집, 저장, 처리, 분석 및 시각화.",Azure Databricks,https://azure.microsoft.com/ko-kr/pricing/details/databricks/
Analytics,"다양한 종류, 양, 개발속도의 데이터를 수집, 저장, 처리, 분석 및 시각화.",Azure Stream Analytics,https://azure.microsoft.com/ko-kr/pricing/details/stream-analytics/
Analytics,"다양한 종류, 양, 개발속도의 데이터를 수집, 저장, 처리, 분석 및 시각화.",Azure Synapse Analytics,https://azure.microsoft.com/ko-kr/pricing/details/synapse-analytics/
Analytics,"다양한 종류, 양, 개발속도의 데이터를 수집, 저장, 처리, 분석 및 시각화.",Data Catalog,https://azure.microsoft.com/ko-kr/pricing/details/data-catalog/
Analytics,"다양한 종류, 양, 개발속도의 데이터를 수집, 저장, 처리, 분석 및 시각화.",Data Lake Analytics,https://azure.microsoft.com/ko-kr/pricing/details/data-lake-analytics/
Analytics,"다양한 종류, 양, 개발속도의 데이터를 수집, 저장, 처리, 분석 및 시각화.",Event Hubs,https://azure.microsoft.com/ko-kr/pricing/details/event-hubs/
Analytics,"다양한 종류, 양, 개발속도의 데이터를 수집, 저장, 처리, 분석 및 시각화.",HDInsight,https://azure.microsoft.com/ko-kr/pricing/details/hdinsight/
Analytics,"다양한 종류, 양, 개발속도의 데이터를 수집, 저장, 처리, 분석 및 시각화.",Power BI Embedded,https://azure.microsoft.com/ko-kr/pricing/details/power-bi-embedded/
Analytics,"다양한 종류, 양, 개발속도의 데이터를 수집, 저장, 처리, 분석 및 시각화.",Microsoft Graph 데이터 연결,https://azure.microsoft.com/ko-kr/pricing/details/graph-data-connect/
Analytics,"다양한 종류, 양, 개발속도의 데이터를 수집, 저장, 처리, 분석 및 시각화.",Azure Chaos Studio,https://azure.microsoft.com/ko-kr/pricing/details/chaos-studio/
Analytics,"다양한 종류, 양, 개발속도의 데이터를 수집, 저장, 처리, 분석 및 시각화.",Microsoft Fabric,https://azure.microsoft.com/ko-kr/pricing/details/microsoft-fabric
Analytics,"다양한 종류, 양, 개발속도의 데이터를 수집, 저장, 처리, 분석 및 시각화.",Microsoft Purview,https://azure.microsoft.com/ko-kr/pricing/details/purview/
Analytics,"다양한 종류, 양, 개발속도의 데이터를 수집, 저장, 처리, 분석 및 시각화.",AKS(Azure Kubernetes Service)의 Azure HDInsight,https://azure.microsoft.com/ko-kr/pricing/details/hdinsightonaks/
컴퓨팅,클라우드 컴퓨팅 용량 및 요청 시 확장에 액세스하고 사용한 리소스에 대한 비용만 지급.,App Service,https://azure.microsoft.com/ko-kr/pricing/details/app-service/linux/
컴퓨팅,클라우드 컴퓨팅 용량 및 요청 시 확장에 액세스하고 사용한 리소스에 대한 비용만 지급.,Azure 컴퓨팅 집합,https://azure.microsoft.com/ko-kr/pricing/details/virtual-machines/windows/
컴퓨팅,클라우드 컴퓨팅 용량 및 요청 시 확장에 액세스하고 사용한 리소스에 대한 비용만 지급.,Azure Quantum,https://azure.microsoft.com/ko-kr/pricing/details/azure-quantum/
컴퓨팅,클라우드 컴퓨팅 용량 및 요청 시 확장에 액세스하고 사용한 리소스에 대한 비용만 지급.,Azure Spot Virtual Machines,https://azure.microsoft.com/ko-kr/pricing/spot-advisor/
컴퓨팅,클라우드 컴퓨팅 용량 및 요청 시 확장에 액세스하고 사용한 리소스에 대한 비용만 지급.,Azure Spring Apps,https://azure.microsoft.com/ko-kr/pricing/details/spring-apps/
컴퓨팅,클라우드 컴퓨팅 용량 및 요청 시 확장에 액세스하고 사용한 리소스에 대한 비용만 지급.,Azure VMware Solution,https://azure.microsoft.com/ko-kr/pricing/details/azure-vmware/
컴퓨팅,클라우드 컴퓨팅 용량 및 요청 시 확장에 액세스하고 사용한 리소스에 대한 비용만 지급.,Batch,https://azure.microsoft.com/ko-kr/pricing/details/batch/
컴퓨팅,클라우드 컴퓨팅 용량 및 요청 시 확장에 액세스하고 사용한 리소스에 대한 비용만 지급.,Cloud Services,https://azure.microsoft.com/ko-kr/pricing/details/cloud-services/
컴퓨팅,클라우드 컴퓨팅 용량 및 요청 시 확장에 액세스하고 사용한 리소스에 대한 비용만 지급.,Linux Virtual Machines,https://azure.microsoft.com/ko-kr/pricing/details/virtual-machines/linux/
컴퓨팅,클라우드 컴퓨팅 용량 및 요청 시 확장에 액세스하고 사용한 리소스에 대한 비용만 지급.,Azure Virtual Machines의 SQL Server,https://azure.microsoft.com/ko-kr/pricing/hybrid-benefit/
컴퓨팅,클라우드 컴퓨팅 용량 및 요청 시 확장에 액세스하고 사용한 리소스에 대한 비용만 지급.,Static Web Apps,https://azure.microsoft.com/ko-kr/pricing/details/app-service/static/
컴퓨팅,클라우드 컴퓨팅 용량 및 요청 시 확장에 액세스하고 사용한 리소스에 대한 비용만 지급.,Virtual Machine Scale Sets,https://azure.microsoft.com/ko-kr/pricing/details/virtual-machine-scale-sets/linux/
컴퓨팅,클라우드 컴퓨팅 용량 및 요청 시 확장에 액세스하고 사용한 리소스에 대한 비용만 지급.,Virtual Machines,https://azure.microsoft.com/ko-kr/pricing/details/virtual-machines/windows/
컴퓨팅,클라우드 컴퓨팅 용량 및 요청 시 확장에 액세스하고 사용한 리소스에 대한 비용만 지급.,Azure Virtual Desktop,https://azure.microsoft.com/ko-kr/pricing/details/virtual-desktop/
컴퓨팅,클라우드 컴퓨팅 용량 및 요청 시 확장에 액세스하고 사용한 리소스에 대한 비용만 지급.,Windows Server,https://azure.microsoft.com/ko-kr/pricing/details/virtual-machines/windows/
컴퓨팅,클라우드 컴퓨팅 용량 및 요청 시 확장에 액세스하고 사용한 리소스에 대한 비용만 지급.,Azure Dedicated Host,https://azure.microsoft.com/ko-kr/pricing/details/virtual-machines/dedicated-host/
컴퓨팅,클라우드 컴퓨팅 용량 및 요청 시 확장에 액세스하고 사용한 리소스에 대한 비용만 지급.,Azure VM Image Builder,https://azure.microsoft.com/ko-kr/pricing/details/image-builder/
컴퓨팅,클라우드 컴퓨팅 용량 및 요청 시 확장에 액세스하고 사용한 리소스에 대한 비용만 지급.,AKS(Azure Kubernetes Service),https://azure.microsoft.com/ko-kr/pricing/details/kubernetes-service/
컴퓨팅,클라우드 컴퓨팅 용량 및 요청 시 확장에 액세스하고 사용한 리소스에 대한 비용만 지급.,Azure Functions,https://azure.microsoft.com/ko-kr/pricing/details/functions/
컴퓨팅,클라우드 컴퓨팅 용량 및 요청 시 확장에 액세스하고 사용한 리소스에 대한 비용만 지급.,Azure Container Instances,https://azure.microsoft.com/ko-kr/pricing/details/container-instances/
컴퓨팅,클라우드 컴퓨팅 용량 및 요청 시 확장에 액세스하고 사용한 리소스에 대한 비용만 지급.,Azure Service Fabric,https://azure.microsoft.com/ko-kr/pricing/details/service-fabric/
컴퓨팅,클라우드 컴퓨팅 용량 및 요청 시 확장에 액세스하고 사용한 리소스에 대한 비용만 지급.,Azure Container Apps,https://azure.microsoft.com/ko-kr/pricing/details/container-apps/
컨테이너,통합 도구를 사용하여 컨테이너화된 애플리케이션을 더 빠르게 개발 및 관리,App Configuration,https://azure.microsoft.com/ko-kr/pricing/details/app-configuration/
컨테이너,통합 도구를 사용하여 컨테이너화된 애플리케이션을 더 빠르게 개발 및 관리,AKS(Azure Kubernetes Service),https://azure.microsoft.com/ko-kr/pricing/details/kubernetes-service/
컨테이너,통합 도구를 사용하여 컨테이너화된 애플리케이션을 더 빠르게 개발 및 관리,Azure Kubernetes Fleet Manager,https://azure.microsoft.com/ko-kr/pricing/details/kubernetes-service/
컨테이너,통합 도구를 사용하여 컨테이너화된 애플리케이션을 더 빠르게 개발 및 관리,Azure Red Hat OpenShift,https://azure.microsoft.com/ko-kr/pricing/details/openshift/
컨테이너,통합 도구를 사용하여 컨테이너화된 애플리케이션을 더 빠르게 개발 및 관리,Azure Container Apps,https://azure.microsoft.com/ko-kr/pricing/details/container-apps/
컨테이너,통합 도구를 사용하여 컨테이너화된 애플리케이션을 더 빠르게 개발 및 관리,Azure Functions,https://azure.microsoft.com/ko-kr/pricing/details/functions/
컨테이너,통합 도구를 사용하여 컨테이너화된 애플리케이션을 더 빠르게 개발 및 관리,Web App for Containers,https://azure.microsoft.com/ko-kr/pricing/details/container-apps/
컨테이너,통합 도구를 사용하여 컨테이너화된 애플리케이션을 더 빠르게 개발 및 관리,Azure Container Instances,https://azure.microsoft.com/ko-kr/pricing/details/container-instances/
컨테이너,통합 도구를 사용하여 컨테이너화된 애플리케이션을 더 빠르게 개발 및 관리,Azure Service Fabric,https://azure.microsoft.com/ko-kr/pricing/details/service-fabric/
컨테이너,통합 도구를 사용하여 컨테이너화된 애플리케이션을 더 빠르게 개발 및 관리,Azure Container Registry,https://azure.microsoft.com/ko-kr/pricing/details/container-registry/
컨테이너,통합 도구를 사용하여 컨테이너화된 애플리케이션을 더 빠르게 개발 및 관리,Azure Container Storage,https://azure.microsoft.com/ko-kr/pricing/details/container-storage/
데이터베이스,완전히 관리되는 안전한 엔터프라이즈급 데이터베이스 서비스를 통한 빠른 성장과 혁신,Azure Managed Redis,https://azure.microsoft.com/ko-kr/pricing/details/managed-redis
데이터베이스,완전히 관리되는 안전한 엔터프라이즈급 데이터베이스 서비스를 통한 빠른 성장과 혁신,Azure Cache for Redis,https://azure.microsoft.com/ko-kr/pricing/details/cache/
데이터베이스,완전히 관리되는 안전한 엔터프라이즈급 데이터베이스 서비스를 통한 빠른 성장과 혁신,Azure Data Factory,https://azure.microsoft.com/ko-kr/pricing/details/data-factory/data-pipeline/
데이터베이스,완전히 관리되는 안전한 엔터프라이즈급 데이터베이스 서비스를 통한 빠른 성장과 혁신,Azure Database for MariaDB,https://azure.microsoft.com/ko-kr/pricing/details/mariadb/
데이터베이스,완전히 관리되는 안전한 엔터프라이즈급 데이터베이스 서비스를 통한 빠른 성장과 혁신,Azure Database for MySQL,https://azure.microsoft.com/ko-kr/pricing/details/mysql/
데이터베이스,완전히 관리되는 안전한 엔터프라이즈급 데이터베이스 서비스를 통한 빠른 성장과 혁신,Azure Database for PostgreSQL,https://azure.microsoft.com/ko-kr/pricing/details/postgresql/flexible-server/
데이터베이스,완전히 관리되는 안전한 엔터프라이즈급 데이터베이스 서비스를 통한 빠른 성장과 혁신,Azure Database Migration Service,https://azure.microsoft.com/ko-kr/pricing/details/database-migration/
데이터베이스,완전히 관리되는 안전한 엔터프라이즈급 데이터베이스 서비스를 통한 빠른 성장과 혁신,Azure SQL,https://azure.microsoft.com/ko-kr/pricing/details/virtual-machines/sql-server-enterprise/
데이터베이스,완전히 관리되는 안전한 엔터프라이즈급 데이터베이스 서비스를 통한 빠른 성장과 혁신,Azure SQL Database,https://azure.microsoft.com/ko-kr/pricing/details/azure-sql-database/single/
데이터베이스,완전히 관리되는 안전한 엔터프라이즈급 데이터베이스 서비스를 통한 빠른 성장과 혁신,Azure SQL Edge,https://azure.microsoft.com/ko-kr/pricing/details/azure-sql-edge/
데이터베이스,완전히 관리되는 안전한 엔터프라이즈급 데이터베이스 서비스를 통한 빠른 성장과 혁신,Azure SQL Managed Instance,https://azure.microsoft.com/ko-kr/pricing/details/azure-sql-managed-instance/single/
데이터베이스,완전히 관리되는 안전한 엔터프라이즈급 데이터베이스 서비스를 통한 빠른 성장과 혁신,Azure Virtual Machines의 SQL Server,https://azure.microsoft.com/ko-kr/pricing/hybrid-benefit/
데이터베이스,완전히 관리되는 안전한 엔터프라이즈급 데이터베이스 서비스를 통한 빠른 성장과 혁신,Table Storage,https://azure.microsoft.com/ko-kr/pricing/details/storage/tables/
데이터베이스,완전히 관리되는 안전한 엔터프라이즈급 데이터베이스 서비스를 통한 빠른 성장과 혁신,Azure Managed Instance for Apache Cassandra,https://azure.microsoft.com/ko-kr/pricing/details/managed-instance-apache-cassandra/
데이터베이스,완전히 관리되는 안전한 엔터프라이즈급 데이터베이스 서비스를 통한 빠른 성장과 혁신,Azure Confidential Ledger,https://azure.microsoft.com/ko-kr/pricing/details/confidential-ledger/
데이터베이스,완전히 관리되는 안전한 엔터프라이즈급 데이터베이스 서비스를 통한 빠른 성장과 혁신,Azure Cosmos DB,https://azure.microsoft.com/ko-kr/pricing/details/cosmos-db/autoscale-provisioned/
개발자 도구,"플랫폼 또는 언어를 사용하여 클라우드 애플리케이션 빌드, 관리 및 지속적으로 제공",App Configuration,https://azure.microsoft.com/ko-kr/pricing/details/app-configuration/
개발자 도구,"플랫폼 또는 언어를 사용하여 클라우드 애플리케이션 빌드, 관리 및 지속적으로 제공",Azure DevOps,https://azure.microsoft.com/ko-kr/pricing/details/devops/azure-devops-services/
개발자 도구,"플랫폼 또는 언어를 사용하여 클라우드 애플리케이션 빌드, 관리 및 지속적으로 제공",Azure DevTest Labs,https://azure.microsoft.com/ko-kr/pricing/details/devtest-lab/
개발자 도구,"플랫폼 또는 언어를 사용하여 클라우드 애플리케이션 빌드, 관리 및 지속적으로 제공",Azure Pipelines,https://azure.microsoft.com/ko-kr/pricing/details/devops/azure-devops-services/
개발자 도구,"플랫폼 또는 언어를 사용하여 클라우드 애플리케이션 빌드, 관리 및 지속적으로 제공",SDK,종량제
개발자 도구,"플랫폼 또는 언어를 사용하여 클라우드 애플리케이션 빌드, 관리 및 지속적으로 제공",Visual Studio,종량제
개발자 도구,"플랫폼 또는 언어를 사용하여 클라우드 애플리케이션 빌드, 관리 및 지속적으로 제공",Visual Studio Code,종량제
개발자 도구,"플랫폼 또는 언어를 사용하여 클라우드 애플리케이션 빌드, 관리 및 지속적으로 제공",Azure Load Testing,https://azure.microsoft.com/ko-kr/pricing/details/load-testing/
개발자 도구,"플랫폼 또는 언어를 사용하여 클라우드 애플리케이션 빌드, 관리 및 지속적으로 제공",Microsoft Dev Box,https://azure.microsoft.com/ko-kr/pricing/details/dev-box/
개발자 도구,"플랫폼 또는 언어를 사용하여 클라우드 애플리케이션 빌드, 관리 및 지속적으로 제공",Azure Deployment Environments,https://azure.microsoft.com/ko-kr/pricing/details/deployment-environments/
개발자 도구,"플랫폼 또는 언어를 사용하여 클라우드 애플리케이션 빌드, 관리 및 지속적으로 제공",Microsoft Playwright Testing,https://azure.microsoft.com/ko-kr/pricing/details/playwright-testing/
개발자 도구,"플랫폼 또는 언어를 사용하여 클라우드 애플리케이션 빌드, 관리 및 지속적으로 제공",Azure 관리형 기밀 컨소시엄 프레임워크 {CCF},https://azure.microsoft.com/ko-kr/pricing/details/managed-ccf/
개발자 도구,"플랫폼 또는 언어를 사용하여 클라우드 애플리케이션 빌드, 관리 및 지속적으로 제공",신뢰할 수 있는 서명,https://azure.microsoft.com/ko-kr/pricing/details/trusted-signing/
DevOps,지속적인 업데이트를 위한 간단하고 안정적인 도구를 사용하여 더 빠르게 혁신 제공,Azure Artifacts,https://azure.microsoft.com/ko-kr/pricing/details/devops/azure-devops-services/
DevOps,지속적인 업데이트를 위한 간단하고 안정적인 도구를 사용하여 더 빠르게 혁신 제공,Azure Boards,https://azure.microsoft.com/ko-kr/pricing/details/devops/azure-devops-services/
DevOps,지속적인 업데이트를 위한 간단하고 안정적인 도구를 사용하여 더 빠르게 혁신 제공,Azure DevOps,https://azure.microsoft.com/ko-kr/pricing/details/devops/azure-devops-services/
DevOps,지속적인 업데이트를 위한 간단하고 안정적인 도구를 사용하여 더 빠르게 혁신 제공,Azure DevTest Labs,https://azure.microsoft.com/ko-kr/pricing/details/devtest-lab/
DevOps,지속적인 업데이트를 위한 간단하고 안정적인 도구를 사용하여 더 빠르게 혁신 제공,Azure Monitor,https://azure.microsoft.com/ko-kr/pricing/details/monitor/
DevOps,지속적인 업데이트를 위한 간단하고 안정적인 도구를 사용하여 더 빠르게 혁신 제공,Azure Pipelines,https://azure.microsoft.com/ko-kr/pricing/details/devops/azure-devops-services/
DevOps,지속적인 업데이트를 위한 간단하고 안정적인 도구를 사용하여 더 빠르게 혁신 제공,Azure Repos,https://azure.microsoft.com/ko-kr/pricing/details/devops/azure-devops-services/
DevOps,지속적인 업데이트를 위한 간단하고 안정적인 도구를 사용하여 더 빠르게 혁신 제공,Azure Test Plans,https://azure.microsoft.com/ko-kr/pricing/details/devops/azure-devops-services/
DevOps,지속적인 업데이트를 위한 간단하고 안정적인 도구를 사용하여 더 빠르게 혁신 제공,DevOps Tool Integrations,https://azure.microsoft.com/ko-kr/pricing/details/devops/azure-devops-services/
DevOps,지속적인 업데이트를 위한 간단하고 안정적인 도구를 사용하여 더 빠르게 혁신 제공,Azure Load Testing,https://azure.microsoft.com/ko-kr/pricing/details/load-testing/
DevOps,지속적인 업데이트를 위한 간단하고 안정적인 도구를 사용하여 더 빠르게 혁신 제공,Azure Managed Grafana,https://azure.microsoft.com/ko-kr/pricing/details/managed-grafana/
DevOps,지속적인 업데이트를 위한 간단하고 안정적인 도구를 사용하여 더 빠르게 혁신 제공,Microsoft Dev Box,https://azure.microsoft.com/ko-kr/pricing/details/dev-box/
DevOps,지속적인 업데이트를 위한 간단하고 안정적인 도구를 사용하여 더 빠르게 혁신 제공,Azure Deployment Environments,https://azure.microsoft.com/ko-kr/pricing/details/deployment-environments/
DevOps,지속적인 업데이트를 위한 간단하고 안정적인 도구를 사용하여 더 빠르게 혁신 제공,Azure DevOps용 GitHub Advanced Security,https://azure.microsoft.com/ko-kr/pricing/details/devops/azure-devops-services/
DevOps,지속적인 업데이트를 위한 간단하고 안정적인 도구를 사용하여 더 빠르게 혁신 제공,Microsoft Playwright Testing,https://azure.microsoft.com/ko-kr/pricing/details/playwright-testing/
DevOps,지속적인 업데이트를 위한 간단하고 안정적인 도구를 사용하여 더 빠르게 혁신 제공,GitHub Enterprise,https://azure.microsoft.com/ko-kr/pricing/details/githubenterprise/
DevOps,지속적인 업데이트를 위한 간단하고 안정적인 도구를 사용하여 더 빠르게 혁신 제공,GitHub Advanced Security,종량제
DevOps,지속적인 업데이트를 위한 간단하고 안정적인 도구를 사용하여 더 빠르게 혁신 제공,GitHub Copilot,종량제
하이브리드 + 다중 클라우드,클라우드 컴퓨팅의 민첩성과 혁신을 온-프레미스 워크로드에 적용해 모든 환경에 Azure 혁신 구현.,Azure Arc,https://azure.microsoft.com/ko-kr/pricing/details/azure-arc/core-control-plane/
하이브리드 + 다중 클라우드,클라우드 컴퓨팅의 민첩성과 혁신을 온-프레미스 워크로드에 적용해 모든 환경에 Azure 혁신 구현.,Azure Database for PostgreSQL,https://azure.microsoft.com/ko-kr/pricing/details/postgresql/flexible-server/
하이브리드 + 다중 클라우드,클라우드 컴퓨팅의 민첩성과 혁신을 온-프레미스 워크로드에 적용해 모든 환경에 Azure 혁신 구현.,Azure DevOps,https://azure.microsoft.com/ko-kr/pricing/details/devops/azure-devops-services/
하이브리드 + 다중 클라우드,클라우드 컴퓨팅의 민첩성과 혁신을 온-프레미스 워크로드에 적용해 모든 환경에 Azure 혁신 구현.,Azure ExpressRoute,https://azure.microsoft.com/ko-kr/pricing/details/expressroute/
하이브리드 + 다중 클라우드,클라우드 컴퓨팅의 민첩성과 혁신을 온-프레미스 워크로드에 적용해 모든 환경에 Azure 혁신 구현.,Azure IoT Edge,https://azure.microsoft.com/ko-kr/pricing/details/iot-edge/
하이브리드 + 다중 클라우드,클라우드 컴퓨팅의 민첩성과 혁신을 온-프레미스 워크로드에 적용해 모든 환경에 Azure 혁신 구현.,Microsoft Sentinel,https://azure.microsoft.com/ko-kr/pricing/details/microsoft-sentinel/
하이브리드 + 다중 클라우드,클라우드 컴퓨팅의 민첩성과 혁신을 온-프레미스 워크로드에 적용해 모든 환경에 Azure 혁신 구현.,Azure SQL Database,https://azure.microsoft.com/ko-kr/pricing/details/azure-sql-database/single/
하이브리드 + 다중 클라우드,클라우드 컴퓨팅의 민첩성과 혁신을 온-프레미스 워크로드에 적용해 모든 환경에 Azure 혁신 구현.,Azure SQL Edge,https://azure.microsoft.com/ko-kr/pricing/details/azure-sql-edge/
하이브리드 + 다중 클라우드,클라우드 컴퓨팅의 민첩성과 혁신을 온-프레미스 워크로드에 적용해 모든 환경에 Azure 혁신 구현.,클라우드용 Microsoft Defender,https://azure.microsoft.com/ko-kr/pricing/details/defender-for-cloud/
하이브리드 + 다중 클라우드,클라우드 컴퓨팅의 민첩성과 혁신을 온-프레미스 워크로드에 적용해 모든 환경에 Azure 혁신 구현.,Azure Local,https://azure.microsoft.com/ko-kr/pricing/details/azure-local
하이브리드 + 다중 클라우드,클라우드 컴퓨팅의 민첩성과 혁신을 온-프레미스 워크로드에 적용해 모든 환경에 Azure 혁신 구현.,Azure Stack Hub,https://azure.microsoft.com/ko-kr/pricing/details/azure-stack/hub/
하이브리드 + 다중 클라우드,클라우드 컴퓨팅의 민첩성과 혁신을 온-프레미스 워크로드에 적용해 모든 환경에 Azure 혁신 구현.,Azure Stack Edge,https://azure.microsoft.com/ko-kr/pricing/details/azure-stack/edge/
하이브리드 + 다중 클라우드,클라우드 컴퓨팅의 민첩성과 혁신을 온-프레미스 워크로드에 적용해 모든 환경에 Azure 혁신 구현.,Azure 프로그래밍 가능한 연결성,종량제
하이브리드 + 다중 클라우드,클라우드 컴퓨팅의 민첩성과 혁신을 온-프레미스 워크로드에 적용해 모든 환경에 Azure 혁신 구현.,Azure Kubernetes Service Edge Essentials,https://azure.microsoft.com/ko-kr/pricing/details/kubernetes-service/
하이브리드 + 다중 클라우드,클라우드 컴퓨팅의 민첩성과 혁신을 온-프레미스 워크로드에 적용해 모든 환경에 Azure 혁신 구현.,Azure Operator Nexus,종량제
하이브리드 + 다중 클라우드,클라우드 컴퓨팅의 민첩성과 혁신을 온-프레미스 워크로드에 적용해 모든 환경에 Azure 혁신 구현.,Azure Operator Service Manager,종량제
ID,"사용자 ID 및 액세스를 관리하여 디바이스, 데이터, 앱 및 인프라에서 고급 위협으로부터 보호.",Microsoft Entra ID(이전의 Azure AD),종량제
ID,"사용자 ID 및 액세스를 관리하여 디바이스, 데이터, 앱 및 인프라에서 고급 위협으로부터 보호.",Microsoft Entra Domain Services,https://azure.microsoft.com/ko-kr/pricing/details/microsoft-entra-ds/
ID,"사용자 ID 및 액세스를 관리하여 디바이스, 데이터, 앱 및 인프라에서 고급 위협으로부터 보호.",Azure Active Directory B2C,https://azure.microsoft.com/ko-kr/pricing/details/active-directory-b2c/
ID,"사용자 ID 및 액세스를 관리하여 디바이스, 데이터, 앱 및 인프라에서 고급 위협으로부터 보호.",Microsoft Entra 외부 ID,https://azure.microsoft.com/ko-kr/pricing/details/microsoft-entra-external-id/
ID,"사용자 ID 및 액세스를 관리하여 디바이스, 데이터, 앱 및 인프라에서 고급 위협으로부터 보호.",Microsoft Entra 확인된 ID,https://azure.microsoft.com/ko-kr/pricing/details/microsoft-entra-verified-id/
통합,"엔터프라이즈 전체에서 온-프레미스 및 클라우드 기반 애플리케이션, 데이터 및 프로세스를 원활하게 통합",API Management,https://azure.microsoft.com/ko-kr/pricing/details/api-management/
통합,"엔터프라이즈 전체에서 온-프레미스 및 클라우드 기반 애플리케이션, 데이터 및 프로세스를 원활하게 통합",Azure Health Data Services,https://azure.microsoft.com/ko-kr/pricing/details/health-data-services/
통합,"엔터프라이즈 전체에서 온-프레미스 및 클라우드 기반 애플리케이션, 데이터 및 프로세스를 원활하게 통합",Event Grid,https://azure.microsoft.com/ko-kr/pricing/details/event-grid/
통합,"엔터프라이즈 전체에서 온-프레미스 및 클라우드 기반 애플리케이션, 데이터 및 프로세스를 원활하게 통합",Logic Apps,https://azure.microsoft.com/ko-kr/pricing/details/logic-apps/
통합,"엔터프라이즈 전체에서 온-프레미스 및 클라우드 기반 애플리케이션, 데이터 및 프로세스를 원활하게 통합",Service Bus,https://azure.microsoft.com/ko-kr/pricing/details/service-bus/
통합,"엔터프라이즈 전체에서 온-프레미스 및 클라우드 기반 애플리케이션, 데이터 및 프로세스를 원활하게 통합",Azure Web PubSub,https://azure.microsoft.com/ko-kr/pricing/details/web-pubsub/
통합,"엔터프라이즈 전체에서 온-프레미스 및 클라우드 기반 애플리케이션, 데이터 및 프로세스를 원활하게 통합",Microsoft Energy Data Services,https://azure.microsoft.com/ko-kr/pricing/details/energy-data-services/
통합,"엔터프라이즈 전체에서 온-프레미스 및 클라우드 기반 애플리케이션, 데이터 및 프로세스를 원활하게 통합",Microsoft Azure Data Manager for Agriculture,종량제
사물 인터넷,"디바이스 및 장비 데이터를 쉽게 캡처하고, 에지에서 데이터를 처리 및 정규화하고, 클라우드와 원활하게 운영 인사이트를 주고받기 위해 업계 표준을 기반으로 구축된 확장 가능하고 모듈식인 에지 서비스 세트입니다.",API Management,https://azure.microsoft.com/ko-kr/pricing/details/api-management/
사물 인터넷,"디바이스 및 장비 데이터를 쉽게 캡처하고, 에지에서 데이터를 처리 및 정규화하고, 클라우드와 원활하게 운영 인사이트를 주고받기 위해 업계 표준을 기반으로 구축된 확장 가능하고 모듈식인 에지 서비스 세트입니다.",Azure Cosmos DB,https://azure.microsoft.com/ko-kr/pricing/details/cosmos-db/autoscale-provisioned/
사물 인터넷,"디바이스 및 장비 데이터를 쉽게 캡처하고, 에지에서 데이터를 처리 및 정규화하고, 클라우드와 원활하게 운영 인사이트를 주고받기 위해 업계 표준을 기반으로 구축된 확장 가능하고 모듈식인 에지 서비스 세트입니다.",Azure Digital Twins,https://azure.microsoft.com/ko-kr/pricing/details/digital-twins/
사물 인터넷,"디바이스 및 장비 데이터를 쉽게 캡처하고, 에지에서 데이터를 처리 및 정규화하고, 클라우드와 원활하게 운영 인사이트를 주고받기 위해 업계 표준을 기반으로 구축된 확장 가능하고 모듈식인 에지 서비스 세트입니다.",Azure IoT Central,https://azure.microsoft.com/ko-kr/pricing/details/iot-central/
사물 인터넷,"디바이스 및 장비 데이터를 쉽게 캡처하고, 에지에서 데이터를 처리 및 정규화하고, 클라우드와 원활하게 운영 인사이트를 주고받기 위해 업계 표준을 기반으로 구축된 확장 가능하고 모듈식인 에지 서비스 세트입니다.",Azure IoT Edge,https://azure.microsoft.com/ko-kr/pricing/details/iot-edge/
사물 인터넷,"디바이스 및 장비 데이터를 쉽게 캡처하고, 에지에서 데이터를 처리 및 정규화하고, 클라우드와 원활하게 운영 인사이트를 주고받기 위해 업계 표준을 기반으로 구축된 확장 가능하고 모듈식인 에지 서비스 세트입니다.",Azure IoT Hub,https://azure.microsoft.com/ko-kr/pricing/details/iot-hub/
사물 인터넷,"디바이스 및 장비 데이터를 쉽게 캡처하고, 에지에서 데이터를 처리 및 정규화하고, 클라우드와 원활하게 운영 인사이트를 주고받기 위해 업계 표준을 기반으로 구축된 확장 가능하고 모듈식인 에지 서비스 세트입니다.",Azure IoT 작업,https://azure.microsoft.com/ko-kr/pricing/details/iot-operations/
사물 인터넷,"디바이스 및 장비 데이터를 쉽게 캡처하고, 에지에서 데이터를 처리 및 정규화하고, 클라우드와 원활하게 운영 인사이트를 주고받기 위해 업계 표준을 기반으로 구축된 확장 가능하고 모듈식인 에지 서비스 세트입니다.",Azure Functions,https://azure.microsoft.com/ko-kr/pricing/details/functions/
사물 인터넷,"디바이스 및 장비 데이터를 쉽게 캡처하고, 에지에서 데이터를 처리 및 정규화하고, 클라우드와 원활하게 운영 인사이트를 주고받기 위해 업계 표준을 기반으로 구축된 확장 가능하고 모듈식인 에지 서비스 세트입니다.",Azure Machine Learning,https://azure.microsoft.com/ko-kr/pricing/details/machine-learning/
사물 인터넷,"디바이스 및 장비 데이터를 쉽게 캡처하고, 에지에서 데이터를 처리 및 정규화하고, 클라우드와 원활하게 운영 인사이트를 주고받기 위해 업계 표준을 기반으로 구축된 확장 가능하고 모듈식인 에지 서비스 세트입니다.",Azure Maps,https://azure.microsoft.com/ko-kr/pricing/details/azure-maps/
사물 인터넷,"디바이스 및 장비 데이터를 쉽게 캡처하고, 에지에서 데이터를 처리 및 정규화하고, 클라우드와 원활하게 운영 인사이트를 주고받기 위해 업계 표준을 기반으로 구축된 확장 가능하고 모듈식인 에지 서비스 세트입니다.",Azure SQL Edge,https://azure.microsoft.com/ko-kr/pricing/details/azure-sql-edge/
사물 인터넷,"디바이스 및 장비 데이터를 쉽게 캡처하고, 에지에서 데이터를 처리 및 정규화하고, 클라우드와 원활하게 운영 인사이트를 주고받기 위해 업계 표준을 기반으로 구축된 확장 가능하고 모듈식인 에지 서비스 세트입니다.",Azure Stream Analytics,https://azure.microsoft.com/ko-kr/pricing/details/stream-analytics/
사물 인터넷,"디바이스 및 장비 데이터를 쉽게 캡처하고, 에지에서 데이터를 처리 및 정규화하고, 클라우드와 원활하게 운영 인사이트를 주고받기 위해 업계 표준을 기반으로 구축된 확장 가능하고 모듈식인 에지 서비스 세트입니다.",Notification Hubs,https://azure.microsoft.com/ko-kr/pricing/details/notification-hubs/
사물 인터넷,"디바이스 및 장비 데이터를 쉽게 캡처하고, 에지에서 데이터를 처리 및 정규화하고, 클라우드와 원활하게 운영 인사이트를 주고받기 위해 업계 표준을 기반으로 구축된 확장 가능하고 모듈식인 에지 서비스 세트입니다.",Windows 10 IoT Core Services,https://azure.microsoft.com/ko-kr/pricing/details/windows-10-iot-core/
사물 인터넷,"디바이스 및 장비 데이터를 쉽게 캡처하고, 에지에서 데이터를 처리 및 정규화하고, 클라우드와 원활하게 운영 인사이트를 주고받기 위해 업계 표준을 기반으로 구축된 확장 가능하고 모듈식인 에지 서비스 세트입니다.",IoT용 Windows,https://azure.microsoft.com/ko-kr/pricing/details/windows-iot/
사물 인터넷,"디바이스 및 장비 데이터를 쉽게 캡처하고, 에지에서 데이터를 처리 및 정규화하고, 클라우드와 원활하게 운영 인사이트를 주고받기 위해 업계 표준을 기반으로 구축된 확장 가능하고 모듈식인 에지 서비스 세트입니다.",Logic Apps,https://azure.microsoft.com/ko-kr/pricing/details/logic-apps/
사물 인터넷,"디바이스 및 장비 데이터를 쉽게 캡처하고, 에지에서 데이터를 처리 및 정규화하고, 클라우드와 원활하게 운영 인사이트를 주고받기 위해 업계 표준을 기반으로 구축된 확장 가능하고 모듈식인 에지 서비스 세트입니다.",Azure Sphere,https://azure.microsoft.com/ko-kr/pricing/details/azure-sphere/
사물 인터넷,"디바이스 및 장비 데이터를 쉽게 캡처하고, 에지에서 데이터를 처리 및 정규화하고, 클라우드와 원활하게 운영 인사이트를 주고받기 위해 업계 표준을 기반으로 구축된 확장 가능하고 모듈식인 에지 서비스 세트입니다.",Event Grid,https://azure.microsoft.com/ko-kr/pricing/details/event-grid/
관리 및 거버넌스,"클라우드 리소스의 관리 및 규정 준수를 단순화, 자동화 및 최적화.",Azure의 Microsoft Copilot,종량제
관리 및 거버넌스,"클라우드 리소스의 관리 및 규정 준수를 단순화, 자동화 및 최적화.",Automation,https://azure.microsoft.com/ko-kr/pricing/details/automation/
관리 및 거버넌스,"클라우드 리소스의 관리 및 규정 준수를 단순화, 자동화 및 최적화.",Azure Advisor,https://azure.microsoft.com/ko-kr/pricing/details/advisor/
관리 및 거버넌스,"클라우드 리소스의 관리 및 규정 준수를 단순화, 자동화 및 최적화.",Defender 외부 공격 표면 관리,https://azure.microsoft.com/ko-kr/pricing/details/defender-external-attack-surface-management/
관리 및 거버넌스,"클라우드 리소스의 관리 및 규정 준수를 단순화, 자동화 및 최적화.",Azure Backup,https://azure.microsoft.com/ko-kr/pricing/details/backup/
관리 및 거버넌스,"클라우드 리소스의 관리 및 규정 준수를 단순화, 자동화 및 최적화.",Azure Blueprints,https://azure.microsoft.com/ko-kr/pricing/details/blueprints/
관리 및 거버넌스,"클라우드 리소스의 관리 및 규정 준수를 단순화, 자동화 및 최적화.",Azure Lighthouse,https://azure.microsoft.com/ko-kr/pricing/details/azure-lighthouse/
관리 및 거버넌스,"클라우드 리소스의 관리 및 규정 준수를 단순화, 자동화 및 최적화.",Azure Managed Applications,https://azure.microsoft.com/ko-kr/pricing/details/application-gateway/
관리 및 거버넌스,"클라우드 리소스의 관리 및 규정 준수를 단순화, 자동화 및 최적화.",Azure Migrate,https://azure.microsoft.com/ko-kr/pricing/details/azure-migrate/
관리 및 거버넌스,"클라우드 리소스의 관리 및 규정 준수를 단순화, 자동화 및 최적화.",Azure 모바일 앱,종량제
관리 및 거버넌스,"클라우드 리소스의 관리 및 규정 준수를 단순화, 자동화 및 최적화.",Azure Monitor,https://azure.microsoft.com/ko-kr/pricing/details/monitor/
관리 및 거버넌스,"클라우드 리소스의 관리 및 규정 준수를 단순화, 자동화 및 최적화.",Azure Policy,https://azure.microsoft.com/ko-kr/pricing/details/azure-policy/
관리 및 거버넌스,"클라우드 리소스의 관리 및 규정 준수를 단순화, 자동화 및 최적화.",Azure Resource Manager,종량제
관리 및 거버넌스,"클라우드 리소스의 관리 및 규정 준수를 단순화, 자동화 및 최적화.",Azure Resource Manager 템플릿,종량제
관리 및 거버넌스,"클라우드 리소스의 관리 및 규정 준수를 단순화, 자동화 및 최적화.",Azure Service Health,종량제
관리 및 거버넌스,"클라우드 리소스의 관리 및 규정 준수를 단순화, 자동화 및 최적화.",Azure Site Recovery,https://azure.microsoft.com/ko-kr/pricing/details/site-recovery/
관리 및 거버넌스,"클라우드 리소스의 관리 및 규정 준수를 단순화, 자동화 및 최적화.",Cloud Shell,종량제
관리 및 거버넌스,"클라우드 리소스의 관리 및 규정 준수를 단순화, 자동화 및 최적화.",Microsoft Cost Management,https://azure.microsoft.com/ko-kr/pricing/details/cost-management/
관리 및 거버넌스,"클라우드 리소스의 관리 및 규정 준수를 단순화, 자동화 및 최적화.",Microsoft Azure Portal,종량제
관리 및 거버넌스,"클라우드 리소스의 관리 및 규정 준수를 단순화, 자동화 및 최적화.",Network Watcher,https://azure.microsoft.com/ko-kr/pricing/details/network-watcher/
관리 및 거버넌스,"클라우드 리소스의 관리 및 규정 준수를 단순화, 자동화 및 최적화.",Traffic Manager,https://azure.microsoft.com/ko-kr/pricing/details/traffic-manager/
관리 및 거버넌스,"클라우드 리소스의 관리 및 규정 준수를 단순화, 자동화 및 최적화.",Azure Automanage,https://azure.microsoft.com/ko-kr/pricing/details/azure-automanage/
관리 및 거버넌스,"클라우드 리소스의 관리 및 규정 준수를 단순화, 자동화 및 최적화.",Azure Resource Mover,https://azure.microsoft.com/ko-kr/pricing/details/resource-mover/
관리 및 거버넌스,"클라우드 리소스의 관리 및 규정 준수를 단순화, 자동화 및 최적화.",Microsoft Purview,https://azure.microsoft.com/ko-kr/pricing/details/purview/
관리 및 거버넌스,"클라우드 리소스의 관리 및 규정 준수를 단순화, 자동화 및 최적화.",Azure Chaos Studio,https://azure.microsoft.com/ko-kr/pricing/details/chaos-studio/
관리 및 거버넌스,"클라우드 리소스의 관리 및 규정 준수를 단순화, 자동화 및 최적화.",Azure Managed Grafana,https://azure.microsoft.com/ko-kr/pricing/details/managed-grafana/
관리 및 거버넌스,"클라우드 리소스의 관리 및 규정 준수를 단순화, 자동화 및 최적화.",업데이트 관리 센터,https://azure.microsoft.com/ko-kr/pricing/details/azure-update-management-center/
미디어,언제 어디서나 어떤 디바이스에서도 고품질 동영상 콘텐츠 제공,Azure Media Player,https://azure.microsoft.com/ko-kr/pricing/details/media-services/
미디어,언제 어디서나 어떤 디바이스에서도 고품질 동영상 콘텐츠 제공,Content Delivery Network,https://azure.microsoft.com/ko-kr/pricing/details/cdn/
미디어,언제 어디서나 어떤 디바이스에서도 고품질 동영상 콘텐츠 제공,Content Protection,https://azure.microsoft.com/ko-kr/pricing/details/media-services/
미디어,언제 어디서나 어떤 디바이스에서도 고품질 동영상 콘텐츠 제공,Encoding,https://azure.microsoft.com/ko-kr/pricing/details/media-services/
미디어,언제 어디서나 어떤 디바이스에서도 고품질 동영상 콘텐츠 제공,Live and On-demand Streaming,https://azure.microsoft.com/ko-kr/pricing/details/media-services/
미디어,언제 어디서나 어떤 디바이스에서도 고품질 동영상 콘텐츠 제공,Media Services,https://azure.microsoft.com/ko-kr/pricing/details/media-services/
마이그레이션,"지침, 도구 및 리소스를 통해 클라우드로의 마이그레이션 간소화 및 가속화",Azure Database Migration Service,https://azure.microsoft.com/ko-kr/pricing/details/database-migration/
마이그레이션,"지침, 도구 및 리소스를 통해 클라우드로의 마이그레이션 간소화 및 가속화",Azure Migrate,https://azure.microsoft.com/ko-kr/pricing/details/azure-migrate/
마이그레이션,"지침, 도구 및 리소스를 통해 클라우드로의 마이그레이션 간소화 및 가속화",Azure Site Recovery,https://azure.microsoft.com/ko-kr/pricing/details/site-recovery/
마이그레이션,"지침, 도구 및 리소스를 통해 클라우드로의 마이그레이션 간소화 및 가속화",Microsoft Cost Management,https://azure.microsoft.com/ko-kr/pricing/details/cost-management/
마이그레이션,"지침, 도구 및 리소스를 통해 클라우드로의 마이그레이션 간소화 및 가속화",Azure Data Box,https://azure.microsoft.com/ko-kr/pricing/details/databox/
혼합 현실,실제 세계와 디지털 세계를 혼합하여 몰입형 공동 작업 경험 만들기,Remote Rendering,https://azure.microsoft.com/ko-kr/pricing/details/remote-rendering/
혼합 현실,실제 세계와 디지털 세계를 혼합하여 몰입형 공동 작업 경험 만들기,Azure Digital Twins,https://azure.microsoft.com/ko-kr/pricing/details/digital-twins/
모바일,모든 모바일 디바이스를 위한 플랫폼 간 및 네이티브 앱 빌드 및 배포,API Management,https://azure.microsoft.com/ko-kr/pricing/details/api-management/
모바일,모든 모바일 디바이스를 위한 플랫폼 간 및 네이티브 앱 빌드 및 배포,App Configuration,https://azure.microsoft.com/ko-kr/pricing/details/app-configuration/
모바일,모든 모바일 디바이스를 위한 플랫폼 간 및 네이티브 앱 빌드 및 배포,App Service,https://azure.microsoft.com/ko-kr/pricing/details/app-service/linux/
모바일,모든 모바일 디바이스를 위한 플랫폼 간 및 네이티브 앱 빌드 및 배포,Azure AI 검색,https://azure.microsoft.com/ko-kr/pricing/details/search/
모바일,모든 모바일 디바이스를 위한 플랫폼 간 및 네이티브 앱 빌드 및 배포,Azure Maps,https://azure.microsoft.com/ko-kr/pricing/details/azure-maps/
모바일,모든 모바일 디바이스를 위한 플랫폼 간 및 네이티브 앱 빌드 및 배포,Azure AI 서비스,https://azure.microsoft.com/ko-kr/pricing/details/cognitive-services/
모바일,모든 모바일 디바이스를 위한 플랫폼 간 및 네이티브 앱 빌드 및 배포,App Center,https://azure.microsoft.com/ko-kr/pricing/details/app-center/
모바일,모든 모바일 디바이스를 위한 플랫폼 간 및 네이티브 앱 빌드 및 배포,Azure Communication Services,https://azure.microsoft.com/ko-kr/pricing/details/communication-services/
모바일,모든 모바일 디바이스를 위한 플랫폼 간 및 네이티브 앱 빌드 및 배포,Notification Hubs,https://azure.microsoft.com/ko-kr/pricing/details/notification-hubs/
네트워킹,클라우드 및 온-프레미스 인프라와 서비스를 연결하여 고객과 사용자에게 가능한 최고의 환경 제공,Application Gateway,https://azure.microsoft.com/ko-kr/pricing/details/application-gateway/
네트워킹,클라우드 및 온-프레미스 인프라와 서비스를 연결하여 고객과 사용자에게 가능한 최고의 환경 제공,Azure Bastion,https://azure.microsoft.com/ko-kr/pricing/details/azure-bastion/
네트워킹,클라우드 및 온-프레미스 인프라와 서비스를 연결하여 고객과 사용자에게 가능한 최고의 환경 제공,Azure DDoS Protection,https://azure.microsoft.com/ko-kr/pricing/details/ddos-protection/
네트워킹,클라우드 및 온-프레미스 인프라와 서비스를 연결하여 고객과 사용자에게 가능한 최고의 환경 제공,Azure DNS,https://azure.microsoft.com/ko-kr/pricing/details/dns/
네트워킹,클라우드 및 온-프레미스 인프라와 서비스를 연결하여 고객과 사용자에게 가능한 최고의 환경 제공,Azure ExpressRoute,https://azure.microsoft.com/ko-kr/pricing/details/expressroute/
네트워킹,클라우드 및 온-프레미스 인프라와 서비스를 연결하여 고객과 사용자에게 가능한 최고의 환경 제공,Azure Firewall,https://azure.microsoft.com/ko-kr/pricing/details/azure-firewall/
네트워킹,클라우드 및 온-프레미스 인프라와 서비스를 연결하여 고객과 사용자에게 가능한 최고의 환경 제공,Content Delivery Network,https://azure.microsoft.com/ko-kr/pricing/details/cdn/
네트워킹,클라우드 및 온-프레미스 인프라와 서비스를 연결하여 고객과 사용자에게 가능한 최고의 환경 제공,Azure Route Server,https://azure.microsoft.com/ko-kr/pricing/details/route-server/
네트워킹,클라우드 및 온-프레미스 인프라와 서비스를 연결하여 고객과 사용자에게 가능한 최고의 환경 제공,웹 애플리케이션 방화벽,https://azure.microsoft.com/ko-kr/pricing/details/web-application-firewall/
네트워킹,클라우드 및 온-프레미스 인프라와 서비스를 연결하여 고객과 사용자에게 가능한 최고의 환경 제공,Azure Front Door,https://azure.microsoft.com/ko-kr/pricing/details/frontdoor/
네트워킹,클라우드 및 온-프레미스 인프라와 서비스를 연결하여 고객과 사용자에게 가능한 최고의 환경 제공,Azure 네트워크 함수 관리자,종량제
네트워킹,클라우드 및 온-프레미스 인프라와 서비스를 연결하여 고객과 사용자에게 가능한 최고의 환경 제공,Azure Virtual Network Manager,https://azure.microsoft.com/ko-kr/pricing/details/virtual-network-manager/
네트워킹,클라우드 및 온-프레미스 인프라와 서비스를 연결하여 고객과 사용자에게 가능한 최고의 환경 제공,Azure NAT Gateway,https://azure.microsoft.com/ko-kr/pricing/details/azure-nat-gateway/
네트워킹,클라우드 및 온-프레미스 인프라와 서비스를 연결하여 고객과 사용자에게 가능한 최고의 환경 제공,Azure 프로그래밍 가능한 연결성,종량제
네트워킹,클라우드 및 온-프레미스 인프라와 서비스를 연결하여 고객과 사용자에게 가능한 최고의 환경 제공,Azure Private Link,https://azure.microsoft.com/ko-kr/pricing/details/private-link/
네트워킹,클라우드 및 온-프레미스 인프라와 서비스를 연결하여 고객과 사용자에게 가능한 최고의 환경 제공,Azure Firewall Manager,https://azure.microsoft.com/ko-kr/pricing/details/firewall-manager/
네트워킹,클라우드 및 온-프레미스 인프라와 서비스를 연결하여 고객과 사용자에게 가능한 최고의 환경 제공,Network Watcher,https://azure.microsoft.com/ko-kr/pricing/details/network-watcher/
네트워킹,클라우드 및 온-프레미스 인프라와 서비스를 연결하여 고객과 사용자에게 가능한 최고의 환경 제공,Traffic Manager,https://azure.microsoft.com/ko-kr/pricing/details/traffic-manager/
네트워킹,클라우드 및 온-프레미스 인프라와 서비스를 연결하여 고객과 사용자에게 가능한 최고의 환경 제공,Virtual Network,https://azure.microsoft.com/ko-kr/pricing/details/virtual-network/
네트워킹,클라우드 및 온-프레미스 인프라와 서비스를 연결하여 고객과 사용자에게 가능한 최고의 환경 제공,Virtual WAN,https://azure.microsoft.com/ko-kr/pricing/details/virtual-wan/
네트워킹,클라우드 및 온-프레미스 인프라와 서비스를 연결하여 고객과 사용자에게 가능한 최고의 환경 제공,VPN Gateway,https://azure.microsoft.com/ko-kr/pricing/details/vpn-gateway/
네트워킹,클라우드 및 온-프레미스 인프라와 서비스를 연결하여 고객과 사용자에게 가능한 최고의 환경 제공,Azure Load Balancer,https://azure.microsoft.com/ko-kr/pricing/details/load-balancer/
보안,하이브리드 클라우드 워크로드에서 고급 위협으로부터 엔터프라이즈를 보호합니다.,App Configuration,https://azure.microsoft.com/ko-kr/pricing/details/app-configuration/
보안,하이브리드 클라우드 워크로드에서 고급 위협으로부터 엔터프라이즈를 보호합니다.,Application Gateway,https://azure.microsoft.com/ko-kr/pricing/details/application-gateway/
보안,하이브리드 클라우드 워크로드에서 고급 위협으로부터 엔터프라이즈를 보호합니다.,Microsoft Entra Domain Services,https://azure.microsoft.com/ko-kr/pricing/details/microsoft-entra-ds/
보안,하이브리드 클라우드 워크로드에서 고급 위협으로부터 엔터프라이즈를 보호합니다.,클라우드용 Microsoft Defender,https://azure.microsoft.com/ko-kr/pricing/details/defender-for-cloud/
보안,하이브리드 클라우드 워크로드에서 고급 위협으로부터 엔터프라이즈를 보호합니다.,Defender 외부 공격 표면 관리,https://azure.microsoft.com/ko-kr/pricing/details/defender-external-attack-surface-management/
보안,하이브리드 클라우드 워크로드에서 고급 위협으로부터 엔터프라이즈를 보호합니다.,Azure Bastion,https://azure.microsoft.com/ko-kr/pricing/details/azure-bastion/
보안,하이브리드 클라우드 워크로드에서 고급 위협으로부터 엔터프라이즈를 보호합니다.,Azure DDoS Protection,https://azure.microsoft.com/ko-kr/pricing/details/ddos-protection/
보안,하이브리드 클라우드 워크로드에서 고급 위협으로부터 엔터프라이즈를 보호합니다.,Azure Dedicated HSM,https://azure.microsoft.com/ko-kr/pricing/details/azure-dedicated-hsm/
보안,하이브리드 클라우드 워크로드에서 고급 위협으로부터 엔터프라이즈를 보호합니다.,Azure Firewall,https://azure.microsoft.com/ko-kr/pricing/details/azure-firewall/
보안,하이브리드 클라우드 워크로드에서 고급 위협으로부터 엔터프라이즈를 보호합니다.,Azure Firewall Manager,https://azure.microsoft.com/ko-kr/pricing/details/firewall-manager/
보안,하이브리드 클라우드 워크로드에서 고급 위협으로부터 엔터프라이즈를 보호합니다.,Azure Front Door,https://azure.microsoft.com/ko-kr/pricing/details/frontdoor/
보안,하이브리드 클라우드 워크로드에서 고급 위협으로부터 엔터프라이즈를 보호합니다.,Azure Information Protection,https://azure.microsoft.com/ko-kr/pricing/details/purview/
보안,하이브리드 클라우드 워크로드에서 고급 위협으로부터 엔터프라이즈를 보호합니다.,Microsoft Sentinel,https://azure.microsoft.com/ko-kr/pricing/details/microsoft-sentinel/
보안,하이브리드 클라우드 워크로드에서 고급 위협으로부터 엔터프라이즈를 보호합니다.,Key Vault,https://azure.microsoft.com/ko-kr/pricing/details/key-vault/
보안,하이브리드 클라우드 워크로드에서 고급 위협으로부터 엔터프라이즈를 보호합니다.,Azure Confidential Ledger,https://azure.microsoft.com/ko-kr/pricing/details/confidential-ledger/
보안,하이브리드 클라우드 워크로드에서 고급 위협으로부터 엔터프라이즈를 보호합니다.,VPN Gateway,https://azure.microsoft.com/ko-kr/pricing/details/vpn-gateway/
보안,하이브리드 클라우드 워크로드에서 고급 위협으로부터 엔터프라이즈를 보호합니다.,웹 애플리케이션 방화벽,https://azure.microsoft.com/ko-kr/pricing/details/web-application-firewall/
보안,하이브리드 클라우드 워크로드에서 고급 위협으로부터 엔터프라이즈를 보호합니다.,Microsoft Azure Attestation,https://azure.microsoft.com/ko-kr/pricing/details/azure-attestation/
보안,하이브리드 클라우드 워크로드에서 고급 위협으로부터 엔터프라이즈를 보호합니다.,Microsoft Security Copilot,https://azure.microsoft.com/ko-kr/pricing/details/microsoft-copilot-for-security/
스토리지,"데이터, 앱 및 워크로드에 대한 대규모로 확장 가능한 보안 클라우드 스토리지",Archive Storage,종량제
스토리지,"데이터, 앱 및 워크로드에 대한 대규모로 확장 가능한 보안 클라우드 스토리지",Azure Managed Lustre,https://azure.microsoft.com/ko-kr/pricing/details/managed-lustre/
스토리지,"데이터, 앱 및 워크로드에 대한 대규모로 확장 가능한 보안 클라우드 스토리지",Azure Backup,https://azure.microsoft.com/ko-kr/pricing/details/backup/
스토리지,"데이터, 앱 및 워크로드에 대한 대규모로 확장 가능한 보안 클라우드 스토리지",Azure Data Lake Storage,https://azure.microsoft.com/ko-kr/pricing/details/storage/data-lake/
스토리지,"데이터, 앱 및 워크로드에 대한 대규모로 확장 가능한 보안 클라우드 스토리지",Azure Data Share,https://azure.microsoft.com/ko-kr/pricing/details/data-share/
스토리지,"데이터, 앱 및 워크로드에 대한 대규모로 확장 가능한 보안 클라우드 스토리지",Azure Files,https://azure.microsoft.com/ko-kr/pricing/details/storage/files/
스토리지,"데이터, 앱 및 워크로드에 대한 대규모로 확장 가능한 보안 클라우드 스토리지",Azure 스토리지 작업,종량제
스토리지,"데이터, 앱 및 워크로드에 대한 대규모로 확장 가능한 보안 클라우드 스토리지",Azure NetApp Files,https://azure.microsoft.com/ko-kr/pricing/details/netapp/
스토리지,"데이터, 앱 및 워크로드에 대한 대규모로 확장 가능한 보안 클라우드 스토리지",Azure Blob Storage,https://azure.microsoft.com/ko-kr/pricing/details/storage/blobs/
스토리지,"데이터, 앱 및 워크로드에 대한 대규모로 확장 가능한 보안 클라우드 스토리지",Azure Data Box,https://azure.microsoft.com/ko-kr/pricing/details/databox/
스토리지,"데이터, 앱 및 워크로드에 대한 대규모로 확장 가능한 보안 클라우드 스토리지",Azure Disk Storage,https://azure.microsoft.com/ko-kr/pricing/details/managed-disks/
스토리지,"데이터, 앱 및 워크로드에 대한 대규모로 확장 가능한 보안 클라우드 스토리지",Azure Confidential Ledger,https://azure.microsoft.com/ko-kr/pricing/details/confidential-ledger/
스토리지,"데이터, 앱 및 워크로드에 대한 대규모로 확장 가능한 보안 클라우드 스토리지",Azure Elastic SAN,https://azure.microsoft.com/ko-kr/pricing/details/elastic-san/
스토리지,"데이터, 앱 및 워크로드에 대한 대규모로 확장 가능한 보안 클라우드 스토리지",Queue Storage,https://azure.microsoft.com/ko-kr/pricing/details/storage/queues/
스토리지,"데이터, 앱 및 워크로드에 대한 대규모로 확장 가능한 보안 클라우드 스토리지",스토리지 계정,https://azure.microsoft.com/ko-kr/pricing/details/storage/files/
스토리지,"데이터, 앱 및 워크로드에 대한 대규모로 확장 가능한 보안 클라우드 스토리지",Storage Explorer,https://azure.microsoft.com/ko-kr/pricing/details/storage/files/
스토리지,"데이터, 앱 및 워크로드에 대한 대규모로 확장 가능한 보안 클라우드 스토리지",Azure Container Storage,https://azure.microsoft.com/ko-kr/pricing/details/container-storage/
가상 데스크톱 인프라,클라우드 기반 가상 데스크톱 인프라를 사용하여 직원들이 어디서나 안전하게 작업할 수 있도록 지원합니다.,Azure Lab Services,https://azure.microsoft.com/ko-kr/pricing/details/lab-services/
가상 데스크톱 인프라,클라우드 기반 가상 데스크톱 인프라를 사용하여 직원들이 어디서나 안전하게 작업할 수 있도록 지원합니다.,Azure Virtual Desktop,https://azure.microsoft.com/ko-kr/pricing/details/virtual-desktop/
가상 데스크톱 인프라,클라우드 기반 가상 데스크톱 인프라를 사용하여 직원들이 어디서나 안전하게 작업할 수 있도록 지원합니다.,Microsoft Dev Box,https://azure.microsoft.com/ko-kr/pricing/details/dev-box/
웹,"강력한 웹 애플리케이션을 빠르고 효율적으로 빌드, 배포 및 확장합니다.",API Management,https://azure.microsoft.com/ko-kr/pricing/details/api-management/
웹,"강력한 웹 애플리케이션을 빠르고 효율적으로 빌드, 배포 및 확장합니다.",App Configuration,https://azure.microsoft.com/ko-kr/pricing/details/app-configuration/
웹,"강력한 웹 애플리케이션을 빠르고 효율적으로 빌드, 배포 및 확장합니다.",App Service,https://azure.microsoft.com/ko-kr/pricing/details/app-service/linux/
웹,"강력한 웹 애플리케이션을 빠르고 효율적으로 빌드, 배포 및 확장합니다.",Azure AI 검색,https://azure.microsoft.com/ko-kr/pricing/details/search/
웹,"강력한 웹 애플리케이션을 빠르고 효율적으로 빌드, 배포 및 확장합니다.",Azure Maps,https://azure.microsoft.com/ko-kr/pricing/details/azure-maps/
웹,"강력한 웹 애플리케이션을 빠르고 효율적으로 빌드, 배포 및 확장합니다.",Azure SignalR Service,https://azure.microsoft.com/ko-kr/pricing/details/signalr-service/
웹,"강력한 웹 애플리케이션을 빠르고 효율적으로 빌드, 배포 및 확장합니다.",Content Delivery Network,https://azure.microsoft.com/ko-kr/pricing/details/cdn/
웹,"강력한 웹 애플리케이션을 빠르고 효율적으로 빌드, 배포 및 확장합니다.",Notification Hubs,https://azure.microsoft.com/ko-kr/pricing/details/notification-hubs/
웹,"강력한 웹 애플리케이션을 빠르고 효율적으로 빌드, 배포 및 확장합니다.",Static Web Apps,https://azure.microsoft.com/ko-kr/pricing/details/app-service/static/
웹,"강력한 웹 애플리케이션을 빠르고 효율적으로 빌드, 배포 및 확장합니다.",Azure Communication Services,https://azure.microsoft.com/ko-kr/pricing/details/communication-services/
웹,"강력한 웹 애플리케이션을 빠르고 효율적으로 빌드, 배포 및 확장합니다.",Azure Web PubSub,https://azure.microsoft.com/ko-kr/pricing/details/web-pubsub/
웹,"강력한 웹 애플리케이션을 빠르고 효율적으로 빌드, 배포 및 확장합니다.",Azure Fluid Relay,https://azure.microsoft.com/ko-kr/pricing/details/fluid-relay/
웹,"강력한 웹 애플리케이션을 빠르고 효율적으로 빌드, 배포 및 확장합니다.",Web App for Containers,종량제
웹,"강력한 웹 애플리케이션을 빠르고 효율적으로 빌드, 배포 및 확장합니다.",Microsoft Playwright Testing,https://azure.microsoft.com/ko-kr/pricing/details/playwright-testing/
웹,"강력한 웹 애플리케이션을 빠르고 효율적으로 빌드, 배포 및 확장합니다.",Azure Container Apps,https://azure.microsoft.com/ko-kr/pricing/details/container-apps/